<beans:beans xmlns="http://www.springframework.org/schema/security"
	xmlns:beans="http://www.springframework.org/schema/beans" xmlns:xsi="http://www.w3.org/2001/XMLSchema-instance"
	xsi:schemaLocation="http://www.springframework.org/schema/beans
    http://www.springframework.org/schema/beans/spring-beans-4.0.xsd
    http://www.springframework.org/schema/security
    http://www.springframework.org/schema/security/spring-security-4.0.xsd">

	<http auto-config="true" use-expressions="true">
		<intercept-url pattern="/welcome/**" access="permitAll" />
		<intercept-url pattern="/admin**" access="hasRole('ROLE_ADMIN')" />
		<intercept-url pattern="/admin/**" access="hasRole('ROLE_ADMIN')" />
		<intercept-url pattern="/user/**" access="hasRole('ROLE_USER')"/>
		<form-login login-page="/login" authentication-success-handler-ref="customSuccessHandler" 
			authentication-failure-url="/loginError" />
		<logout logout-success-url="/logout" logout-url="/j_spring_security_logout" />
		<csrf disabled="true" />
	</http>

	<authentication-manager>
		<authentication-provider>
			<jdbc-user-service data-source-ref="dataSource"
				users-by-username-query="select username, password, enabled from users where username = ?"
				authorities-by-username-query="select user,role from users_roles WHERE user = ? " />
		</authentication-provider>
	</authentication-manager>

	<beans:bean id="dataSource"
		class="org.springframework.jdbc.datasource.DriverManagerDataSource">
		<beans:property name="driverClassName" value="com.mysql.jdbc.Driver" />
		<beans:property name="url"
			value="jdbc:mysql://localhost:3306/db1?useSSL=false" />
		<beans:property name="username" value="new1" />
		<beans:property name="password" value="12345" />
	</beans:bean>

 <beans:bean id="customSuccessHandler" class="com.gaurav.CustomHandler"/>
</beans:beans>